,Time,User,Tweet
0,2022-03-20 11:32:55+00:00,Maninder777,"RT @WealthEnrich: #nifty has 50 #stocks but for me these are the best 15 of them all :

1 #HDFC
2 #HDFCBank  
3 #HDFCLife 
4 #Ultratech
5 #â€¦"
1,2022-03-20 11:31:23+00:00,daveakash2,"RT @WealthEnrich: #nifty has 50 #stocks but for me these are the best 15 of them all :

1 #HDFC
2 #HDFCBank  
3 #HDFCLife 
4 #Ultratech
5 #â€¦"
2,2022-03-20 11:25:48+00:00,Kkrish51539375,"RT @WealthEnrich: #nifty has 50 #stocks but for me these are the best 15 of them all :

1 #HDFC
2 #HDFCBank  
3 #HDFCLife 
4 #Ultratech
5 #â€¦"
3,2022-03-20 11:18:01+00:00,pk68688,"RT @WealthEnrich: #nifty has 50 #stocks but for me these are the best 15 of them all :

1 #HDFC
2 #HDFCBank  
3 #HDFCLife 
4 #Ultratech
5 #â€¦"
4,2022-03-20 11:17:21+00:00,drvilaas,"RT @WealthEnrich: #nifty has 50 #stocks but for me these are the best 15 of them all :

1 #HDFC
2 #HDFCBank  
3 #HDFCLife 
4 #Ultratech
5 #â€¦"
5,2022-03-20 11:08:00+00:00,arjunsinspirion,"RT @WealthEnrich: #nifty has 50 #stocks but for me these are the best 15 of them all :

1 #HDFC
2 #HDFCBank  
3 #HDFCLife 
4 #Ultratech
5 #â€¦"
6,2022-03-20 11:03:24+00:00,Sudhan_V_Harry,"RT @WealthEnrich: #nifty has 50 #stocks but for me these are the best 15 of them all :

1 #HDFC
2 #HDFCBank  
3 #HDFCLife 
4 #Ultratech
5 #â€¦"
7,2022-03-20 11:03:10+00:00,benevjohn,"RT @WealthEnrich: #nifty has 50 #stocks but for me these are the best 15 of them all :

1 #HDFC
2 #HDFCBank  
3 #HDFCLife 
4 #Ultratech
5 #â€¦"
8,2022-03-20 11:01:22+00:00,funnybunnyj,"RT @WealthEnrich: #nifty has 50 #stocks but for me these are the best 15 of them all :

1 #HDFC
2 #HDFCBank  
3 #HDFCLife 
4 #Ultratech
5 #â€¦"
9,2022-03-20 10:54:32+00:00,a_kahalekar,"RT @WealthEnrich: #nifty has 50 #stocks but for me these are the best 15 of them all :

1 #HDFC
2 #HDFCBank  
3 #HDFCLife 
4 #Ultratech
5 #â€¦"
10,2022-03-20 10:50:48+00:00,problastician7,"RT @WealthEnrich: #nifty has 50 #stocks but for me these are the best 15 of them all :

1 #HDFC
2 #HDFCBank  
3 #HDFCLife 
4 #Ultratech
5 #â€¦"
11,2022-03-20 10:40:53+00:00,MaheshMandala15,"RT @WealthEnrich: #nifty has 50 #stocks but for me these are the best 15 of them all :

1 #HDFC
2 #HDFCBank  
3 #HDFCLife 
4 #Ultratech
5 #â€¦"
12,2022-03-20 10:40:21+00:00,sayantanb69,"RT @WealthEnrich: #nifty has 50 #stocks but for me these are the best 15 of them all :

1 #HDFC
2 #HDFCBank  
3 #HDFCLife 
4 #Ultratech
5 #â€¦"
13,2022-03-20 10:36:00+00:00,WealthEnrich,"#nifty has 50 #stocks but for me these are the best 15 of them all :

1 #HDFC
2 #HDFCBank  
3 #HDFCLife 
4 #Ultratech
5 #BajajFinance
6 #Bajajfinserve
7 #Pidilite 
8 #Infosys
9 #Asianpaints
10 #ITC
11 #Reliance
12 #HUL
13 #TCS
14 #Nestle
15 #Divis

ğŸ‘‰ What would you pick â“"
14,2022-03-20 10:30:03+00:00,hiya_mee,"@hiya_mee invites our #tech #community to the #HiringEvent on 22 March 2022, for #careeropportunities at @TCS. This invite-only event is hosted by @hiya_mee and sponsored by @TCS. 

To register, click on https://t.co/uwRqPUUXZK or scan the QR code.

#TCS #TCSCareers #tcshiring https://t.co/4ApMvccKhY"
15,2022-03-20 10:29:01+00:00,Yogesh_K_12,"RT @DiscretePriti: @Loud_Speaker_3 #Trent
#TataMotors
#TataSteel
#TataCoffee
#TataConsumer
#Titan
#Tinplate
#Voltas
#TCS
#IndianHotel"
16,2022-03-20 09:38:35+00:00,equityin,"@saketh1998 Risk For #TCS 

US jury slaps $940 million fine on TCS, Tata America International Corp in trade secret case - Economic Times https://t.co/NiOmbzWJ3O"
17,2022-03-20 09:35:20+00:00,equityin,"@CRevanth92 #TCS 

US jury slaps $940 million fine on TCS, Tata America International Corp in trade secret case - Economic Times https://t.co/NiOmbzWJ3O"
18,2022-03-20 09:34:31+00:00,equityin,"@saketh1998 #TCS 

US jury slaps $940 million fine on TCS, Tata America International Corp in trade secret case - Economic Times https://t.co/NiOmbzWJ3O"
19,2022-03-20 08:27:18+00:00,AsianetNewsTL,"à°«à±à°°à±†à°·à°°à±à°²à°•à± à°­à°¾à°°à±€ à°¸à°‚à°–à±à°¯à°²à±‹ à°‰à°¦à±à°¯à±‹à°—à°¾à°²à±..!
#TCS #TCSJOBS #DigitalHiring
https://t.co/GZlaIObcVM"
20,2022-03-20 07:58:36+00:00,bhatikapilbhat1,"RT @ViruPandey81: #stocks looking good for next week,
#TCS #LTI #LT https://t.co/Rco2qacS3W"
21,2022-03-20 07:46:13+00:00,Invest4FinInd,"Evergreen #SIP stocks:-

#Hdfcbank
#Asianpaints 
#unitedspirits 
#Godrej Properties
#BajajFinance
#balkrishna ind
#astral ltd
#Pidilite ind.
#tcs
#Kotak Bank
#Relaxo 
#DIVISLAB 
#godrejcp
#PI industries
#investing  early is advantage 
#sip #Investment is best #StocksToBuy"
22,2022-03-20 07:40:46+00:00,CloudDoor1,#clouddoor  #SoftwareStartups Goaspro - TCS Digital Off-Campus Drive 2022 BATCH  #tcs #tcshiring #tcs_recruitment - https://t.co/HwvZB5hsgT
23,2022-03-20 07:04:53+00:00,buzzsubash,"RT @REALmoneydhan: WEEKLY TIMEFRAME #Prediction
Prediction Date: 20 March 2022.
Validity:  25 March 2022.

Our #Success ratios for scripts.â€¦"
24,2022-03-20 06:38:19+00:00,galactic_ditto,"RT @REALmoneydhan: WEEKLY TIMEFRAME #Prediction
Prediction Date: 20 March 2022.
Validity:  25 March 2022.

Our #Success ratios for scripts.â€¦"
25,2022-03-20 06:33:58+00:00,REALmoneydhan,"WEEKLY TIMEFRAME #Prediction
Prediction Date: 20 March 2022.
Validity:  25 March 2022.

Our #Success ratios for scripts.
#banknifty : 86%
#Nifty : 87%
#Reliance : 85%
#ICICIBank : 88%
#HDFCBank : 85%
#TCS : 89%
#Infosys : 93%

https://t.co/sfsnwsRtIY https://t.co/wjEULd5jxQ"
26,2022-03-20 05:35:42+00:00,saptak81,"1) #infosys
2) #persistentSystems
3) #AurobindoPharma
4) #RelianceNaval
5) #Symphony
6) #TCS"
27,2022-03-20 05:15:31+00:00,KangarooTwins,"#TCS 
Bottoming out taking support at 3,390, gave a W breakout from 3,571 now forming another higher low.

With IT expected to run positive this week, TCS could rally from above 3,700. https://t.co/eC88iiM4Hy"
28,2022-03-20 04:34:31+00:00,Ramchander51,"RT @ViruPandey81: #stocks looking good for next week,
#TCS #LTI #LT https://t.co/Rco2qacS3W"
29,2022-03-20 04:33:45+00:00,uCloudify,"RT @anuran17: #TCS #Buybacks
Shares reserved for Retail=60,00,000
Entitlement Ratio=15%
So,Shares held by Retail (on record dt)=4 Cr
As ofâ€¦"
30,2022-03-20 04:33:40+00:00,anuran17,"#TCS #Buybacks
Shares reserved for Retail=60,00,000
Entitlement Ratio=15%
So,Shares held by Retail (on record dt)=4 Cr
As of 20th Mar,Retail Bid: 
NSE=76,72,440
BSE=2,25,63,835
Total=3,02,36,275
Shares already tendered=75%
Still 3 days to go!
@Nigel__DSouza  
#StockMarket #Retail"
31,2022-03-20 04:33:27+00:00,Sandy17390803,"RT @NiftyBulls10x: ğŸ¦Bank #HDFC
ğŸ“ˆExchange #IEX
ğŸ’³Fintech #IntellectDesign
ğŸšEV #KPIT 
ğŸ’ŠPharma #LaurusLabs
ğŸ§ªSpChemical #LaxmiOrganics
ğŸ“¦Packaginâ€¦"
32,2022-03-20 04:32:09+00:00,Codevisers,"RT @ViruPandey81: #stocks looking good for next week,
#TCS #LTI #LT https://t.co/Rco2qacS3W"
33,2022-03-20 04:29:59+00:00,ViruPandey81,"#stocks looking good for next week,
#TCS #LTI #LT https://t.co/Rco2qacS3W"
34,2022-03-20 04:27:30+00:00,NiftyBulls10x,"ğŸ¦Bank #HDFC
ğŸ“ˆExchange #IEX
ğŸ’³Fintech #IntellectDesign
ğŸšEV #KPIT 
ğŸ’ŠPharma #LaurusLabs
ğŸ§ªSpChemical #LaxmiOrganics
ğŸ“¦Packaging #MoldTek
ğŸ¥Wire #Polycab
ğŸš¿Pipe #PrincePipes
ğŸš—Auto #SonaComs
âŒ¨ï¸CPaaS #Tanla
âš¡ï¸Power #TataPower
ğŸ’ªDravid #TCS
ğŸª™Luxury #Titan
ğŸ›µEV2W #WardWizard

(2/2)"
35,2022-03-20 04:11:56+00:00,JPR_saveworld,"Trend is #cashforplacement in all #Shippingcompanies at INDIA, which was transparent earlier. Now shipping companies are corrupted as much as Govt Office. If this trend goes then #wipro #tcs #ibm etc will take this trend. End this corruption now or make it legal #saveseafarers"
36,2022-03-20 04:01:23+00:00,ntdmagic,"RT @ntdmagic: This is only for positive people in life who want to do wealth generation #investing #Sips #Numerology , #Stockmarkets will hâ€¦"
37,2022-03-20 04:00:44+00:00,ntdmagic,"This is only for positive people in life who want to do wealth generation #investing #Sips #Numerology , #Stockmarkets will have its own journey #Reliance #Infy #hdfcbank #Hdfc #Icicibank #SBI #TCS 
These stocks have almost half weight on #nifty https://t.co/rajIJ5NCB7"
38,2022-03-20 03:54:48+00:00,VinayEquity,"https://t.co/Bz5AXHzRp7 to watch this video click link 
#stocks #Nifty #stockmarkets #StockMarket #StockMarketindia #tcs @YouTubeIndia https://t.co/WlhkkyLNGE"
39,2022-03-20 02:52:52+00:00,SpiritOfSeeman,"à®°à®¾à®œà¯€à®µà¯à®•à®¾à®¨à¯à®¤à®¿ à®¨à®¾à®®à¯ à®¤à®®à®¿à®´à®°à¯à®•à¯à®•à¯ à®¤à®¿à®°à¯à®®à¯à®ª à®µà®°à®µà®¾à®©à¯à®©à¯ à®•à¯‡à®•à¯à®•à¯à®± à®®à®¾à®¤à®¿à®°à®¿ à®‡à®°à¯à®•à¯à®•à¯..?? 

#tcs https://t.co/ibAEWuCZOs"
40,2022-03-20 02:44:26+00:00,GunalanD3,"Damn what's wrong wit these founders 

"" Boost Productivity "" Uno

#tcs #Infosys #it #python #wfh #office https://t.co/RSZxNF5dBF"
41,2022-03-20 01:50:00+00:00,tokyo_c_s,"ã“ã‚Œã€çµæ§‹ã„ã„ã§ã™ã€‚

ã‚ªãƒªã‚¸ãƒŠãƒ«ã®ã‚·ãƒ§ãƒƒãƒ‘ãƒ¼ãŒã§ãã¾ã—ãŸã€‚ä¼šå ´ã®å„åº—èˆ—ã§ã€ãŠæ¸¡ã—ã™ã‚‹äºˆå®šã§ã™ã€‚å†ç”Ÿç´ æã§ä¸ˆå¤«ãªè¢‹ã«ã—ã¾ã—ãŸã®ã§ã€å†åˆ©ç”¨ã—ã¦ã„ãŸã ã‘ãŸã‚‰ã†ã‚Œã—ã„ã§ã™ï¼

#æ±äº¬ã‚¯ãƒªã‚¨ã‚¤ãƒ†ã‚£ãƒ–ã‚µãƒ­ãƒ³ #TCS

â†“ä¼šå ´ã”ã¨ã«è‰²ã‚‚é•ã„ã¾ã™â†“ https://t.co/p0OXsz9LhQ"
42,2022-03-20 00:35:48+00:00,pythonalways,"RT @reachcsrini: @CustomerExpNews #Harassed@#Genpact 
https://t.co/4SNsjsGhWV
#McKinsey
#SAP
#Data
#Python
#Accenture
#DataAnalytics
#PwC
#â€¦"
43,2022-03-20 00:02:40+00:00,KJK05551620,RT @EvitorialPage: If any #cci #tcs #eds people have suggestions im all ears.
44,2022-03-19 23:20:50+00:00,pythonalways,"RT @reachcsrini: @mitsmr #Harassed@#Genpact 
https://t.co/4SNsjsGhWV
#McKinsey
#SAP
#Data
#Python
#Accenture
#DataAnalytics
#PwC
#Deloitteâ€¦"
45,2022-03-19 23:18:07+00:00,pythonalways,"RT @reachcsrini: @Forbes #Harassed@#Genpact 
https://t.co/4SNsjsGhWV
#McKinsey
#SAP
#Data
#Python
#Accenture
#DataAnalytics
#PwC
#Deloitteâ€¦"
46,2022-03-19 23:13:00+00:00,andreu_bofarull,"RT @reachcsrini: @CNBC @CNBCMakeIt #Harassed@#Genpact 
https://t.co/4SNsjsGhWV
#McKinsey
#SAP
#Data
#Python
#Accenture
#DataAnalytics
#PwCâ€¦"
47,2022-03-19 23:10:22+00:00,pythonalways,"RT @reachcsrini: @CNBC @CNBCMakeIt #Harassed@#Genpact 
https://t.co/4SNsjsGhWV
#McKinsey
#SAP
#Data
#Python
#Accenture
#DataAnalytics
#PwCâ€¦"
48,2022-03-19 23:08:08+00:00,pythonalways,"RT @Tcs_Technology: #TCS is Powerful Software to manage hospital at their fingertips with cloud backup to secure the data.
More Details - hâ€¦"
49,2022-03-19 22:30:00+00:00,Cultura_DES,"#DeVida El empresario muriÃ³ a los 93 aÃ±os. En 1986, Eserski fundÃ³ #TCS.

ğŸ“https://t.co/xBvMz80g6J https://t.co/1QaWd0KZpO"
50,2022-03-19 21:03:05+00:00,HansLop53871788,RT @HDfan_: todos los logos de los canales de #TCS (Telecorporacion SalvadoreÃ±a) estÃ¡n en blanco y negro. ğŸ“ºâ˜¹ï¸ https://t.co/bQptyb1efV
51,2022-03-19 20:11:54+00:00,iamsaikirangv,"RT @DiscretePriti: @Loud_Speaker_3 #Trent
#TataMotors
#TataSteel
#TataCoffee
#TataConsumer
#Titan
#Tinplate
#Voltas
#TCS
#IndianHotel"
52,2022-03-19 18:30:16+00:00,DiscretePriti,"@Loud_Speaker_3 #Trent
#TataMotors
#TataSteel
#TataCoffee
#TataConsumer
#Titan
#Tinplate
#Voltas
#TCS
#IndianHotel"
53,2022-03-19 17:47:27+00:00,FinanceTilve,"RT @Raj_Ranga2002: #StocksOnRadar For Next Few Weeks ,Seems May Show Some Good Momentum

#MCX 
#IndHotel
#Infy
#Voltas
#Trent 
#Balkrishnaiâ€¦"
54,2022-03-19 17:17:38+00:00,Siddhartha_Skr_,"à¦ªà¦¶à§à¦šà¦¿à¦®à¦¬à¦™à§à¦—à§‡ à¦à¦¤à§‹ à¦œà¦®à¦¿ à¦¤à¦¬à§ #TCS à¦†à¦¬à¦¾à¦° à¦œà¦®à¦¿ à¦¨à¦¿à¦²à§‹ à¦šà§‡à¦¨à§à¦¨à¦¾à¦‡à¦¤à§‡! @tathagata2
à¦œà¦¯à¦¼ à¦®à¦¾à¦®à¦¾ à¦Ÿà¦¿à¦®à¦¾ à¦¨à§à¦·!!!
à¦†à¦®à¦¾à¦° à¦•à¦¿! à¦¬à¦¾à¦‚à¦²à¦¾à¦° à¦®à¦¾à¦¨à§à¦· à¦¤à§‹ à§«à§¦à§¦ à¦Ÿà§à¦¯à¦¾à¦•à¦¾ à¦ªà§‡à¦¯à¦¼à§‡à¦‡ à¦–à§à¦¶à¦¿à¥¤à¥¤
#à¦à¦—à¦¿à¦¯à¦¼à§‡_à¦¬à¦¾à¦™à¦²à¦¾"
55,2022-03-19 16:07:08+00:00,EvitorialPage,If any #cci #tcs #eds people have suggestions im all ears.
56,2022-03-19 15:26:32+00:00,Mrinmoy89,#khansir #tcs #Infosys I think World Information Technology war(WIT war) will be start with in 2023.
57,2022-03-19 15:21:01+00:00,Maverick8976,@SpotalphaIndia #tcs
58,2022-03-19 15:07:08+00:00,buzzsubash,"RT @Raj_Ranga2002: #StocksOnRadar For Next Few Weeks ,Seems May Show Some Good Momentum

#MCX 
#IndHotel
#Infy
#Voltas
#Trent 
#Balkrishnaiâ€¦"
59,2022-03-19 15:04:53+00:00,contra_punto,"ğŸ“º El que fuera presidente de #TelecorporaciÃ³nSalvadoreÃ±a (#TCS), socio fundador de #Asder y pionero de la industria de la televisiÃ³n en El Salvador deja un legado incomparable en las comunicaciones de nuestro paÃ­s.
Lea: ğŸ‘‡
https://t.co/OUGvaDtqK4"
60,2022-03-19 14:43:49+00:00,buzzsubash,RT @tamilstock: à®…à®¯à®°à¯à®²à®¾à®¨à¯à®¤à¯ à®¨à®¾à®Ÿà¯à®Ÿà¯ˆ à®šà®¾à®°à¯à®¨à¯à®¤ Accenture à®¨à®¿à®±à¯à®µà®©à®®à¯ à®¨à®²à¯à®² à®°à®¿à®šà®²à¯à®Ÿà¯ à®•à¯Šà®Ÿà¯à®¤à¯à®¤à¯ à®‡à®°à¯à®•à¯à®•à®¿à®±à®¤à¯. à®‡à®¤à®©à¯ à®ªà®™à¯à®•à¯à®•à®³à¯ à®¨à®¿à®¯à¯‚à®¯à®¾à®°à¯à®•à¯ à®¸à¯à®Ÿà®¾à®•à¯ exchange-à®²à¯â€¦
61,2022-03-19 14:43:09+00:00,buzzsubash,"RT @tamilstock: 1. ZENSAR TECH: à®‡à®¨à¯à®¤ à®ªà®™à¯à®•à¯ 2022-à®²à¯ 539 à®µà®°à¯ˆ à®šà¯†à®©à¯à®±à¯ 313 à®µà®°à¯ˆ à®µà®¿à®´à¯à®¨à¯à®¤à¯ à®‡à®ªà¯à®ªà¯‹à®¤à¯ 377-à®²à¯ à®µà®°à¯à®¤à¯à®¤à®•à®®à¯ à®†à®•à®¿à®±à®¤à¯.

2. L &amp; T  Infotech: à®‡â€¦"
62,2022-03-19 14:42:28+00:00,buzzsubash,"RT @tamilstock: 3. WIPRO:  à®‡à®¨à¯à®¤ à®ªà®™à¯à®•à¯ 2022-à®²à¯ 727 à®µà®°à¯ˆ à®šà¯†à®©à¯à®±à¯ 531 à®µà®°à¯ˆ à®µà®¿à®´à¯à®¨à¯à®¤à¯ à®‡à®ªà¯à®ªà¯‹à®¤à¯ 550-à®²à¯ à®µà®°à¯à®¤à¯à®¤à®•à®®à¯ à®†à®•à®¿à®±à®¤à¯.

4. HCL TECH: à®‡à®¨à¯à®¤ à®ªà®™à¯à®•à¯ 202â€¦"
63,2022-03-19 14:41:48+00:00,buzzsubash,"RT @tamilstock: 5. TCS: à®‡à®¨à¯à®¤ à®ªà®™à¯à®•à¯ 2022-à®²à¯ 4043 à®µà®°à¯ˆ à®šà¯†à®©à¯à®±à¯ 3391 à®µà®°à¯ˆ à®µà®¿à®´à¯à®¨à¯à®¤à¯ à®‡à®ªà¯à®ªà¯‹à®¤à¯ 3673-à®²à¯ à®µà®°à¯à®¤à¯à®¤à®•à®®à¯ à®†à®•à®¿à®±à®¤à¯.

6. TATA  ELXSI: à®‡à®¨à¯à®¤ à®ªà®™à¯à®•à¯â€¦"
64,2022-03-19 14:41:07+00:00,buzzsubash,"RT @tamilstock: 7. INFY : à®‡à®¨à¯à®¤ à®ªà®™à¯à®•à¯ 2022-à®²à¯ 1954 à®µà®°à¯ˆ à®šà¯†à®©à¯à®±à¯ 1665 à®µà®°à¯ˆ à®µà®¿à®´à¯à®¨à¯à®¤à¯ à®‡à®ªà¯à®ªà¯‹à®¤à¯ 1855-à®²à¯ à®µà®°à¯à®¤à¯à®¤à®•à®®à¯ à®†à®•à®¿à®±à®¤à¯.

5/5

#accenture #tcs #infâ€¦"
65,2022-03-19 14:37:44+00:00,MONODRUNKEN,"RT @ROVGaming: #ROVGameDay | #TorneoğŸ†

ğŸ”¶Hoy tendremos a @miamiretkils23 en el cuarto torneo de #TCS de #DBFZ , que irÃ¡ a por su segunda vicâ€¦"
66,2022-03-19 14:34:56+00:00,Raj_Ranga2002,"#StocksOnRadar For Next Few Weeks ,Seems May Show Some Good Momentum

#MCX 
#IndHotel
#Infy
#Voltas
#Trent 
#Balkrishnaind
#TCS 

#Nifty #NiftyFuture #BankNifty 
What's your Watchlist Names ? ğŸ¤”"
67,2022-03-19 14:11:13+00:00,yangin_pikapi,"RT @ROVGaming: #ROVGameDay | #TorneoğŸ†

ğŸ”¶Hoy tendremos a @miamiretkils23 en el cuarto torneo de #TCS de #DBFZ , que irÃ¡ a por su segunda vicâ€¦"
68,2022-03-19 14:10:10+00:00,ROVGaming,"#ROVGameDay | #TorneoğŸ†

ğŸ”¶Hoy tendremos a @miamiretkils23 en el cuarto torneo de #TCS de #DBFZ , que irÃ¡ a por su segunda victoria!! ğŸ’ªğŸ’ª
 
â° 19:30 CET
ğŸ–¥ï¸ https://t.co/603dj0H0UF

#GoROVğŸ§¡ https://t.co/MQlVWWQdeg"
69,2022-03-19 14:08:36+00:00,tamilstock,"7. INFY : à®‡à®¨à¯à®¤ à®ªà®™à¯à®•à¯ 2022-à®²à¯ 1954 à®µà®°à¯ˆ à®šà¯†à®©à¯à®±à¯ 1665 à®µà®°à¯ˆ à®µà®¿à®´à¯à®¨à¯à®¤à¯ à®‡à®ªà¯à®ªà¯‹à®¤à¯ 1855-à®²à¯ à®µà®°à¯à®¤à¯à®¤à®•à®®à¯ à®†à®•à®¿à®±à®¤à¯.

5/5

#accenture #tcs #infy #nifty #banknifty"
70,2022-03-19 14:08:35+00:00,tamilstock,"5. TCS: à®‡à®¨à¯à®¤ à®ªà®™à¯à®•à¯ 2022-à®²à¯ 4043 à®µà®°à¯ˆ à®šà¯†à®©à¯à®±à¯ 3391 à®µà®°à¯ˆ à®µà®¿à®´à¯à®¨à¯à®¤à¯ à®‡à®ªà¯à®ªà¯‹à®¤à¯ 3673-à®²à¯ à®µà®°à¯à®¤à¯à®¤à®•à®®à¯ à®†à®•à®¿à®±à®¤à¯.

6. TATA  ELXSI: à®‡à®¨à¯à®¤ à®ªà®™à¯à®•à¯ 2022-à®²à¯ 7964 à®µà®°à¯ˆ à®šà¯†à®©à¯à®±à¯ 5782 à®µà®°à¯ˆ à®µà®¿à®´à¯à®¨à¯à®¤à¯ à®‡à®ªà¯à®ªà¯‹à®¤à¯ 7432-à®²à¯ à®µà®°à¯à®¤à¯à®¤à®•à®®à¯ à®†à®•à®¿à®±à®¤à¯.
 
4/5

#accenture #tcs #infy #nifty #banknifty"
71,2022-03-19 14:08:35+00:00,tamilstock,"3. WIPRO:  à®‡à®¨à¯à®¤ à®ªà®™à¯à®•à¯ 2022-à®²à¯ 727 à®µà®°à¯ˆ à®šà¯†à®©à¯à®±à¯ 531 à®µà®°à¯ˆ à®µà®¿à®´à¯à®¨à¯à®¤à¯ à®‡à®ªà¯à®ªà¯‹à®¤à¯ 550-à®²à¯ à®µà®°à¯à®¤à¯à®¤à®•à®®à¯ à®†à®•à®¿à®±à®¤à¯.

4. HCL TECH: à®‡à®¨à¯à®¤ à®ªà®™à¯à®•à¯ 2022-à®²à¯ 1359 à®µà®°à¯ˆ à®šà¯†à®©à¯à®±à¯ 1070 à®µà®°à¯ˆ à®µà®¿à®´à¯à®¨à¯à®¤à¯ à®‡à®ªà¯à®ªà¯‹à®¤à¯ 1197-à®²à¯ à®µà®°à¯à®¤à¯à®¤à®•à®®à¯ à®†à®•à®¿à®±à®¤à¯.

3/5

#accenture #tcs #infy #nifty #banknifty"
72,2022-03-19 14:08:34+00:00,tamilstock,"1. ZENSAR TECH: à®‡à®¨à¯à®¤ à®ªà®™à¯à®•à¯ 2022-à®²à¯ 539 à®µà®°à¯ˆ à®šà¯†à®©à¯à®±à¯ 313 à®µà®°à¯ˆ à®µà®¿à®´à¯à®¨à¯à®¤à¯ à®‡à®ªà¯à®ªà¯‹à®¤à¯ 377-à®²à¯ à®µà®°à¯à®¤à¯à®¤à®•à®®à¯ à®†à®•à®¿à®±à®¤à¯.

2. L &amp; T  Infotech: à®‡à®¨à¯à®¤ à®ªà®™à¯à®•à¯ 2022-à®²à¯ 7589 à®µà®°à¯ˆ à®šà¯†à®©à¯à®±à¯ 5580 à®µà®°à¯ˆ à®µà®¿à®´à¯à®¨à¯à®¤à¯ à®‡à®ªà¯à®ªà¯‹à®¤à¯ 6114-à®²à¯ à®µà®°à¯à®¤à¯à®¤à®•à®®à¯ à®†à®•à®¿à®±à®¤à¯.

2/5

#accenture #tcs #infy #nifty #banknifty"
73,2022-03-19 14:08:34+00:00,tamilstock,"à®…à®¯à®°à¯à®²à®¾à®¨à¯à®¤à¯ à®¨à®¾à®Ÿà¯à®Ÿà¯ˆ à®šà®¾à®°à¯à®¨à¯à®¤ Accenture à®¨à®¿à®±à¯à®µà®©à®®à¯ à®¨à®²à¯à®² à®°à®¿à®šà®²à¯à®Ÿà¯ à®•à¯Šà®Ÿà¯à®¤à¯à®¤à¯ à®‡à®°à¯à®•à¯à®•à®¿à®±à®¤à¯. à®‡à®¤à®©à¯ à®ªà®™à¯à®•à¯à®•à®³à¯ à®¨à®¿à®¯à¯‚à®¯à®¾à®°à¯à®•à¯ à®¸à¯à®Ÿà®¾à®•à¯ exchange-à®²à¯ à®ªà®Ÿà¯à®Ÿà®¿à®¯à®²à¯ à®‡à®Ÿà®ªà¯à®ªà®Ÿà¯à®Ÿà¯ à®‡à®°à¯à®•à¯à®•à®¿à®±à®¤à¯.

à®‡à®¨à¯à®¤ à®°à®¿à®šà®²à¯à®Ÿà¯à®Ÿà¯ˆ à®µà¯ˆà®¤à¯à®¤à¯ à®‡à®¨à¯à®¤à®¿à®¯ IT à®¨à®¿à®±à¯à®µà®©à®™à¯à®•à®³à®¿à®©à¯ à®ªà®™à¯à®•à¯à®•à®³à¯  à®à®±à¯à®®à®¾?

1/5

#accenture #tcs #infy #nifty #banknifty"
74,2022-03-19 14:05:50+00:00,Allthegear99,"The new 2022 SG range of #Cricket #Bats are now in stock. Some fantastic willow available at very reasonable prices! 

#Believe #Become #SG #TCS #BestBats #AllTheGear #FreshStock #NewArrivals https://t.co/tJKdBV1FuG"
75,2022-03-19 13:44:49+00:00,Shraybee,Congratulations #TCS https://t.co/CAmJP8YDqY
76,2022-03-19 13:02:06+00:00,sdu_mpembe,"RT @ByTheWatchdog: #TCS Reappoints #RajeshGopinathan As CEO 
#TheWatchdogNews #NewsFirst

https://t.co/GoBrSdXBZ8"
77,2022-03-19 12:55:38+00:00,ByTheWatchdog,"#TCS Reappoints #RajeshGopinathan As CEO 
#TheWatchdogNews #NewsFirst

https://t.co/GoBrSdXBZ8"
78,2022-03-19 12:30:57+00:00,icatbangalore1,"We congratulate our #alumni Ms. Aishwarya Mohandas for starting her career as a #UIDesigner at #TCS and the variety of learning she has mentioned to have got during her Bachelorâ€™s Degree in Media Technology (Multimedia)
#icatcollege #icatcollegebengaluru #ICATChennai https://t.co/X4oaXcaqOX"
79,2022-03-19 12:25:49+00:00,icat_college,"We congratulate our #alumni Ms. Aishwarya Mohandas for starting her career as a #UIDesigner at #TCS and the variety of learning she has mentioned to have got during her Bachelorâ€™s Degree in Media Technology (Multimedia)
#icatcollege #icatcollegebengaluru #ICATChennai https://t.co/fvvwmxjImk"
80,2022-03-19 12:18:35+00:00,yogithakur11999,"RT @Tcs_Technology: #TCS is Powerful Software to manage hospital at their fingertips with cloud backup to secure the data.
More Details - hâ€¦"
81,2022-03-19 12:17:45+00:00,reachcsrini,"@CNBC @CNBCMakeIt #Harassed@#Genpact 
https://t.co/4SNsjsGhWV
#McKinsey
#SAP
#Data
#Python
#Accenture
#DataAnalytics
#PwC
#Deloitte
#BCG
#IBM
#Infosys
#Dell
#TCS
#NASSCOM
#Wipro
#GEAviation
#Unilever
@piyushmehta322
#Apple
#Virgin
#Oracle
#Unilever
#Tesla
#PepsiCo
#CEO
#HCL #DigitalTransformation https://t.co/MdenNwf6yA"
82,2022-03-19 12:14:40+00:00,reachcsrini,"@Forbes #Harassed@#Genpact 
https://t.co/4SNsjsGhWV
#McKinsey
#SAP
#Data
#Python
#Accenture
#DataAnalytics
#PwC
#Deloitte
#BCG
#IBM
#Infosys
#Dell
#TCS
#NASSCOM
#Wipro
#GEAviation
#Unilever
@piyushmehta322
#Apple
#Virgin
#Oracle
#Unilever
#Tesla
#PepsiCo
#CEO
#HCL #DigitalTransformation https://t.co/eetiD4oHql"
83,2022-03-19 12:13:17+00:00,reachcsrini,"@mitsmr #Harassed@#Genpact 
https://t.co/4SNsjsGhWV
#McKinsey
#SAP
#Data
#Python
#Accenture
#DataAnalytics
#PwC
#Deloitte
#BCG
#IBM
#Infosys
#Dell
#TCS
#NASSCOM
#Wipro
#GEAviation
#Unilever
@piyushmehta322
#Apple
#Virgin
#Oracle
#Unilever
#Tesla
#PepsiCo
#CEO
#HCL #DigitalTransformation https://t.co/YuIfdQn41b"
84,2022-03-19 12:11:56+00:00,icathyderabad,"We congratulate our #alumni Ms. Aishwarya Mohandas for starting her career as a #UIDesigner at #TCS and the variety of learning she has mentioned to have got during her Bachelor's Degree in Multimedia
#icatcollege #icatdesignandmediacollege #ICATHyderabad https://t.co/hxqBMeBO53"
85,2022-03-19 11:56:47+00:00,LogantekGeo,"@MdmAbsentMinded He needs to speak to Kim Jung Il, who is sounding humble compared to this idiot.
I think it is a sad case of the Trump-Complex Syndrome #TCS"
86,2022-03-19 11:47:08+00:00,reachcsrini,"@CustomerExpNews #Harassed@#Genpact 
https://t.co/4SNsjsGhWV
#McKinsey
#SAP
#Data
#Python
#Accenture
#DataAnalytics
#PwC
#Deloitte
#BCG
#IBM
#Infosys
#Dell
#TCS
#NASSCOM
#Wipro
#GEAviation
#Unilever
@piyushmehta322
#Apple
#Virgin
#Oracle
#Unilever
#Tesla
#PepsiCo
#CEO
#HCL #DigitalTransformation https://t.co/aOKnVyswfz"
87,2022-03-19 11:22:35+00:00,reachcsrini,"@CNN #Harassed@#Genpact 
https://t.co/4SNsjsGhWV
#McKinsey
#SAP
#Data
#Python
#Accenture
#DataAnalytics
#PwC
#Deloitte
#BCG
#IBM
#Infosys
#Dell
#TCS
#NASSCOM
#Wipro
#GEAviation
#Unilever
@piyushmehta322
#Apple
#Virgin
#Oracle
#Unilever
#Tesla
#PepsiCo
#CEO
#HCL #DigitalTransformation https://t.co/hpRmuTDPvR"
88,2022-03-19 11:05:49+00:00,basic_investor,"RT @KomalSecurities: #TCS bags multi-year deal from Australia's Western Power !!!

It is good for long term investors !!

Source:@KomalSecuâ€¦"
89,2022-03-19 10:56:29+00:00,weightLossHub24,"RT @sisbl_in: #IT majorÂ #TCSÂ has #bagged a multi-year #contract from #Western #Power, an #Australian #government #entity, for #digital #traâ€¦"
90,2022-03-19 10:50:49+00:00,sisbl_in,"#IT majorÂ #TCSÂ has #bagged a multi-year #contract from #Western #Power, an #Australian #government #entity, for #digital #transformation of its #software #system for #delivery of #cleaner and #resilient #energy #supply to westernÂ #Australia.
https://t.co/I46EV0jse9"
91,2022-03-19 10:46:43+00:00,sisbl_in,"#TCS said on #March 17, that its #board has #reappointedÂ #Rajesh #Gopinathan as the #MD and #CEO for five years from #February 21, 2022, to February 20, 2027, as per the #retirement age #policy of the #company.
https://t.co/aROZGvfsMq"
92,2022-03-19 10:32:54+00:00,ni_wa_yg,"RT @Sco_61: ã€TCSã€‘
æœ¬æ—¥ã®20æ™‚ã‹ã‚‰ãƒã‚¹ã‚¿ãƒ¼ãƒ‡ãƒ¥ã‚¨ãƒ«ã®ZONeèªå®šå¤§ä¼šã§ã™ï¼
å„ªå‹è³å“ã¯1500å††åˆ†ã®ãƒ—ãƒªãƒšã‚¤ãƒ‰ã‚«ãƒ¼ãƒ‰ã¨Zone1ã‚±ãƒ¼ã‚¹(24æœ¬)ã§ã™ï¼
ã¾ã æ ãŒç©ºã„ã¦ãŠã‚Šã¾ã™ã®ã§ãœã²ï¼

https://t.co/axZcm65qhm

#TCS
#ãƒã‚¹ã‚¿ãƒ¼ãƒ‡â€¦"
93,2022-03-19 10:29:07+00:00,Fabriciosx,"RT @it_shagun: Why choose usğŸ¤”ğŸ¤”

.

.

.

.

#shagunitsolutions #businessproposal 

#instagood #laptoprental #ibm #tcs #technology #technewsâ€¦"
94,2022-03-19 10:28:44+00:00,it_shagun,"Why choose usğŸ¤”ğŸ¤”

.

.

.

.

#shagunitsolutions #businessproposal 

#instagood #laptoprental #ibm #tcs #technology #technews #startupindia #startup #computertechnology #computeronhire https://t.co/Zor0Su4pxf"
95,2022-03-19 10:27:13+00:00,Sco_61,"ã€TCSã€‘
æœ¬æ—¥ã®20æ™‚ã‹ã‚‰ãƒã‚¹ã‚¿ãƒ¼ãƒ‡ãƒ¥ã‚¨ãƒ«ã®ZONeèªå®šå¤§ä¼šã§ã™ï¼
å„ªå‹è³å“ã¯1500å††åˆ†ã®ãƒ—ãƒªãƒšã‚¤ãƒ‰ã‚«ãƒ¼ãƒ‰ã¨Zone1ã‚±ãƒ¼ã‚¹(24æœ¬)ã§ã™ï¼
ã¾ã æ ãŒç©ºã„ã¦ãŠã‚Šã¾ã™ã®ã§ãœã²ï¼

https://t.co/axZcm65qhm

#TCS
#ãƒã‚¹ã‚¿ãƒ¼ãƒ‡ãƒ¥ã‚¨ãƒ«
#ZONeã‚¨ãƒŠã‚¸ãƒ¼"
96,2022-03-19 10:23:58+00:00,FinancialInfo7,"Please comment your favourite IT companies and which companies you hold in your portfolio.
#ITcompanies
#tcs #infy #wipro #hcl #techm https://t.co/9C7FpMuezV"
97,2022-03-19 09:32:42+00:00,velu395956,"RT @KomalSecurities: #TCS bags multi-year deal from Australia's Western Power !!!

It is good for long term investors !!

Source:@KomalSecuâ€¦"
98,2022-03-19 09:18:19+00:00,shrenik1984,"RT @KomalSecurities: #TCS bags multi-year deal from Australia's Western Power !!!

It is good for long term investors !!

Source:@KomalSecuâ€¦"
99,2022-03-19 08:01:13+00:00,SamratD29489226,"RT @KomalSecurities: #TCS bags multi-year deal from Australia's Western Power !!!

It is good for long term investors !!

Source:@KomalSecuâ€¦"
100,2022-03-19 07:49:17+00:00,KomalSecurities,"#TCS bags multi-year deal from Australia's Western Power !!!

It is good for long term investors !!

Source:@KomalSecurities

#Komalsecurities #Pms #Nse #MultibaggerStock"
101,2022-03-19 07:30:00+00:00,Darshakshah28,RT @Megamiles_: IT major Tata Consultancy Services on Thursday said that its board has re-appointed Rajesh Gopinathan as the Managing Direcâ€¦
102,2022-03-19 06:42:13+00:00,WorkonicsC,TCS bags multi-year contract from Australia's Western Power #tcs https://t.co/rWMmgJEsh4
103,2022-03-19 06:33:02+00:00,srivatsa_a,"While document verification, portal is asking for relieving letter, can u suggest me how can i proceed with this.
As i will be providing the relieving orders as soon as i receive it from the present organisation.

@TCS #tcs
2/2"
104,2022-03-19 06:27:05+00:00,MrRajpurohitesh,"RT @MrRajpurohitesh: @TCS #digitalhiring #tcs #tcsiondigital im writing my tcs digital exam phase 2 on 19/3/2022
My DT no is DT20218385298â€¦"
105,2022-03-19 06:26:52+00:00,the_rahulkumar,Very impressive ğŸ‘ #TDS #Tcs https://t.co/9PRCIZtbG5
106,2022-03-19 06:19:59+00:00,MrRajpurohitesh,"@TCS #digitalhiring #tcs #tcsiondigital im writing my tcs digital exam phase 2 on 19/3/2022
My DT no is DT20218385298
I was going good.When came to advance coding.I wrote my code and while compiling it took a lot of time, nearly 5-10 min. So thought to go to next question..cont. https://t.co/AVZA0OZOVa"
107,2022-03-19 06:17:26+00:00,CSEBBDNIIT,Congratulations for placement in TCS as Assistant System Engineer Trainee. #cse #job #bbdniit #tcs https://t.co/GIPZ3TRvvf
108,2022-03-19 06:03:54+00:00,kulkarnispeaks,@rachana_ranade Hum jahan khade hote hai..line wahi se shuru hoti hai #HUL #ASIANPAINTS #TCS
109,2022-03-19 05:49:20+00:00,Finquestsip,"TCS reappoints Rajesh Gopinathan as MD and CEO for five years. 

#tcs #it #tcsceoandmd #tcsceo https://t.co/AMLE2aQJ2W"
110,2022-03-19 05:43:48+00:00,jobsviatweet,"RT @KickCharm: TCS Vacancy for Various Roles Through Digital Hiring | Salary Package Rs 7 LPA+

#Hiring #Jobs #TCS #Career #IT #ITJobs #Engâ€¦"
111,2022-03-19 05:30:17+00:00,jais_george,"TCS issues notice of postal ballot for reappointment of CEO, COO #Tcs #TcsCeo #TcsCeoReappointment #RajeshGopinathan #NGanapathySubramaniam #NChandrasekharan #TCSBallotVote  https://t.co/00k0LcBjAK"
112,2022-03-19 05:27:52+00:00,HiringCare,"RT @KickCharm: TCS Vacancy for Various Roles Through Digital Hiring | Salary Package Rs 7 LPA+

#Hiring #Jobs #TCS #Career #IT #ITJobs #Engâ€¦"
113,2022-03-19 05:04:51+00:00,THIPPU1986,#TCS ION digital zone Kovilambakkam...worst place for central govt exam...Since there is no proper place for parking and taking rest for candidate parents....
114,2022-03-19 05:04:06+00:00,dellyranksindia,"TCS issues notice of postal ballot for reappointment of CEO, COO #NChandrasekharan #NGanapathySubramaniam #RajeshGopinathan #TCS #TCSBallotvote #tcsceo #tcsceoreappointment https://t.co/619fds5aYm
https://t.co/H09VSXIb0a"
115,2022-03-19 05:03:55+00:00,contra_punto,"ğŸ“º El que fuera presidente de #TelecorporaciÃ³nSalvadoreÃ±a (#TCS), socio fundador de #Asder y pionero de la industria de la televisiÃ³n en El Salvador deja un legado incomparable en las comunicaciones de nuestro paÃ­s.
Lea: ğŸ‘‡   
https://t.co/OUGvaDtqK4"
116,2022-03-19 04:50:13+00:00,HDfan_,todos los logos de los canales de #TCS (Telecorporacion SalvadoreÃ±a) estÃ¡n en blanco y negro. ğŸ“ºâ˜¹ï¸ https://t.co/bQptyb1efV
117,2022-03-19 04:29:07+00:00,Fabriciosx,"RT @kcisatiiith: Register for the event at: https://t.co/l63CGDbMrE

#innovation #technology #research #kcisatiiith #kcis #iiithyderabad #kâ€¦"
118,2022-03-19 04:26:51+00:00,kcisatiiith,"Register for the event at: https://t.co/l63CGDbMrE

#innovation #technology #research #kcisatiiith #kcis #iiithyderabad #kohliday #fckohli #tcs #iiith #event"
119,2022-03-19 03:30:17+00:00,jais_george,"Come April, tech staff to get back to offices #SapLabsIndia #Wfh #SvNathan #Tcs #SalesforceIndia #ShantanuJha #Evp  https://t.co/65bUikzkqm"
120,2022-03-19 03:24:07+00:00,Megamiles_,"IT major Tata Consultancy Services on Thursday said that its board has re-appointed Rajesh Gopinathan as the Managing Director and Chief Executive Officer for five years, from February 21, 2022 to February 20, 2027. #TCS #tata https://t.co/XNwXRr6Aib"
121,2022-03-19 03:13:03+00:00,the404code,"RT @Tcs_Technology: #TCS is Powerful Software to manage hospital at their fingertips with cloud backup to secure the data.
More Details - hâ€¦"
122,2022-03-19 03:08:36+00:00,IoT_Technojeder,"RT @Tcs_Technology: #TCS is Powerful Software to manage hospital at their fingertips with cloud backup to secure the data.
More Details - hâ€¦"
123,2022-03-19 03:05:17+00:00,Tcs_Technology,"#TCS is Powerful Software to manage hospital at their fingertips with cloud backup to secure the data.
More Details - https://t.co/FKvEUnlqpK

#WhatsApp now: +91-976-531-1999

#healthcare #digitalhealth #cloud #hospitalmanagement #NodeJS #Python #IoT #AI #Blockchain #technology https://t.co/MtLoso7LHd"
124,2022-03-19 01:51:02+00:00,ju3rga,Mis sinceras condolencias para la familia de una gran persona como fue  Don Boris Eserski. Descanse en paz. #TCS #Canales246
125,2022-03-18 23:04:58+00:00,contra_punto,"ğŸ“º El que fuera presidente de #TelecorporaciÃ³nSalvadoreÃ±a (#TCS), socio fundador de #Asder y pionero de la industria de la televisiÃ³n en El Salvador deja un legado incomparable en las comunicaciones de nuestro paÃ­s.
Lea: ğŸ‘‡
https://t.co/OUGvaDtqK4"
126,2022-03-18 21:28:26+00:00,DianeCo_,RT @peperivra: Un gran referente y maestro nos ha dejado #TvSalvadoreÃ±a #TCS #Eserski #TuEspacio #ECC
127,2022-03-18 21:27:43+00:00,kwalkey23,"RT @carmel_baseball: Go Hounds!
#TCS https://t.co/kiXbmTsbMO"
128,2022-03-18 20:28:18+00:00,peperivra,Un gran referente y maestro nos ha dejado #TvSalvadoreÃ±a #TCS #Eserski #TuEspacio #ECC https://t.co/moL7Wl4ljf
129,2022-03-18 20:26:19+00:00,RichardN8,"RT @asielsalvador: El Presidente, la Junta Directiva y el personal de ASI lamentan profundamente el fallecimiento de don Boris Eserski, Preâ€¦"
130,2022-03-18 20:17:24+00:00,LeidenCaceres,"RT @asielsalvador: El Presidente, la Junta Directiva y el personal de ASI lamentan profundamente el fallecimiento de don Boris Eserski, Preâ€¦"
131,2022-03-18 20:16:40+00:00,asielsalvador,"El Presidente, la Junta Directiva y el personal de ASI lamentan profundamente el fallecimiento de don Boris Eserski, Presidente y fundador de #TelecorporaciÃ³nSalvadoreÃ±a #TCS, gestor y pionero de la televisiÃ³n en el paÃ­s. Nuestras mÃ¡s sentidas condolencias a su familia. https://t.co/EW7DU9XvfN"
132,2022-03-18 20:12:30+00:00,Javier_ArdonM,"RT @EdwinVenturaTV: URGENTE 
FALLECE DON BORIS ESERSKI, FUNDADOR DE TELECORPORACIÃ“N SALVADOREÃ‘A (TCS) A LOS 93 AÃ‘OS DE EDAD.
EN PAZ DESCANSâ€¦"
133,2022-03-18 20:01:55+00:00,PMasferreriana,"#Ãšltimahora #Nacionales | Don Boris Eserski pionero de la televisiÃ³n salvadoreÃ±a, fundador de #TCS y Dr. Honoris Causa de la Universidad SalvadoreÃ±a Alberto Masferrer #USAM, falleciÃ³ a los 93 aÃ±os. https://t.co/8CLJKO5xB4"
134,2022-03-18 19:54:06+00:00,EdwinVenturaTV,"URGENTE 
FALLECE DON BORIS ESERSKI, FUNDADOR DE TELECORPORACIÃ“N SALVADOREÃ‘A (TCS) A LOS 93 AÃ‘OS DE EDAD.
EN PAZ DESCANSE.

CrestomatÃ­a: El Noticiero / TCS, 2022.

#BreakingNews #ElSalvador #TCS #Eserski https://t.co/YiO1XGDK0O"
135,2022-03-18 19:33:21+00:00,Soul_Wish,"When you donâ€™t care that you didnâ€™t make it to the TCS London Marathon this year, because you are Ukrainian. Maybe we will meet next year, London! Right now we should win a WAR ;) #StopRussia #StopPutin #StopRussianAggression #runner #tcs #tcslondonmarathon https://t.co/VD8svQ9jfP"
136,2022-03-18 19:14:46+00:00,buzzsubash,"RT @SLPandhare: Above 60% average 5 days  delivery %age 
#TCS 69.23%
#HUL 65.02%
#Infosys 65%
#ITC 63.86%
#powergrid 63.03%

#StockMarket #â€¦"
137,2022-03-18 18:58:23+00:00,buzzsubash,"RT @prabhualgan: #voltas 
#tcs 
#mcdowell
#nifty #nifty50 #stockmarketindia #nseindia #stockstobuy https://t.co/tWGV53nV34"
138,2022-03-18 18:51:32+00:00,elperiodista_sv,"RT @mariopachecosv: #Elsalvadorinforma, Fallece el empresario de la principal cadena de tv salvadoreÃ±a #TCS, Don #BorisEserski pionero de lâ€¦"
139,2022-03-18 18:47:40+00:00,elbrodersv,"Se muriÃ³ don Boris Eserski a sus 93 aÃ±os, presidente fundador de #TCS y pionero de la televisiÃ³n en El Salvador. https://t.co/XgtyDTli90"
140,2022-03-18 18:37:19+00:00,mariopachecosv,"#Elsalvadorinforma, Fallece el empresario de la principal cadena de tv salvadoreÃ±a #TCS, Don #BorisEserski pionero de la radio y televisiÃ³n en El Salvador. https://t.co/Ni9at1K5Ft"
141,2022-03-18 18:26:43+00:00,mithileshpandey,@Twinkleinvest #TCS
142,2022-03-18 18:21:17+00:00,bizzle_akshu,"@TheChainsmokers
when are we getting this? ğŸ˜œRaha told us in discord that Mooshu doesn't bark so we made ""Mooshu vibes"" cuz all they give is Pawsitive VibesğŸ’œ #discord #TCS #ipad #FANART https://t.co/BCAH2wpD1I"
143,2022-03-18 18:15:20+00:00,uncommonprofit,"#TCS #cnxit #niftyit #SWINGTRADING
cmp 3672
Tgt 3805 /3845 / 3886
stoploss - 3592 ( daily close)
risk : reward 1:2

https://t.co/s8y8jAhK1O

https://t.co/LxacgakeJ8 https://t.co/DZVcmLtNyw"
144,2022-03-18 17:47:08+00:00,yashutweetz,"RT @imprudvii: TCS Digital Hiring 2022

Eligibility criteria:

BE / https://t.co/IIYiKAyTG9 / ME / https://t.co/p90lHwdWzl / MCA / https://â€¦"
145,2022-03-18 17:46:42+00:00,_The_Akshay,RT @TurkSifankhan3: 1 year completed in india's no 1 IT company TCS  ğŸ¥³ğŸ¥³ğŸ”¥ğŸ˜ğŸ˜ğŸ¥³ğŸ¥³ğŸ¥³ #tcs   #sk #professional  #it  #blazzer https://t.co/EJsi64R1â€¦
146,2022-03-18 17:35:35+00:00,4starvenom,"RT @imprudvii: TCS Digital Hiring 2022

Eligibility criteria:

BE / https://t.co/IIYiKAyTG9 / ME / https://t.co/p90lHwdWzl / MCA / https://â€¦"
147,2022-03-18 17:26:44+00:00,ChaitanyaKalya6,"RT @imprudvii: TCS Digital Hiring 2022

Eligibility criteria:

BE / https://t.co/IIYiKAyTG9 / ME / https://t.co/p90lHwdWzl / MCA / https://â€¦"
148,2022-03-18 17:21:56+00:00,Raghud37,"RT @BullManAcademy: #tcs 

Looks weak below 3900 on a weekly closing basis

Keep an eye on that level. https://t.co/FUEnqI2zTx"
149,2022-03-18 17:21:08+00:00,Anji243143,"RT @imprudvii: TCS Digital Hiring 2022

Eligibility criteria:

BE / https://t.co/IIYiKAyTG9 / ME / https://t.co/p90lHwdWzl / MCA / https://â€¦"
150,2022-03-18 17:20:30+00:00,imprudvii,"TCS Digital Hiring 2022

Eligibility criteria:

BE / https://t.co/IIYiKAyTG9 / ME / https://t.co/p90lHwdWzl / MCA / https://t.co/Znp7j2EZab 
Year of Passing 2022
Should not have any backlogs

Last date: 2/4/2022

Registration Link: https://t.co/0TRKgCrjVd

#FresherJobs #TCS #Jobs"
151,2022-03-18 16:58:11+00:00,RonAdner,"RT @FOBtv_Channel: Do companies have a choice between adopting an #ecosystemstrategy or doing it all on their own? Our host, @krbenedict asâ€¦"
152,2022-03-18 16:28:05+00:00,CSEStack,#TCS Campus #Interview Questions | Written Test Paper Pattern @ani_chaudhari #100daysofcode https://t.co/yasC16aNTL
153,2022-03-18 16:26:41+00:00,TurkSifankhan3,RT @TurkSifankhan3: 1 year completed in india's no 1 IT company TCS  ğŸ¥³ğŸ¥³ğŸ”¥ğŸ˜ğŸ˜ğŸ¥³ğŸ¥³ğŸ¥³ #tcs   #sk #professional  #it  #blazzer https://t.co/EJsi64R1â€¦
154,2022-03-18 16:23:36+00:00,TurkSifankhan3,1 year completed in india's no 1 IT company TCS  ğŸ¥³ğŸ¥³ğŸ”¥ğŸ˜ğŸ˜ğŸ¥³ğŸ¥³ğŸ¥³ #tcs   #sk #professional  #it  #blazzer https://t.co/EJsi64R1AZ
155,2022-03-18 15:38:57+00:00,buzzsubash,"RT @jags0923: #stocks  on 16.03.22

#ITC 242-245
#HUL 2070-2106
#infy 1889-1920
#AshokLeyland 115-117
#intellect 761-776
#nbcc 38.60-39.40â€¦"
156,2022-03-18 15:15:31+00:00,MayankGill20,@RajarshitaS Happy holi. What's your view on TCS. #TCS https://t.co/4yjWR6izBv
157,2022-03-18 15:11:04+00:00,education_24x7,"RT @jags0923: #stocks  on 16.03.22

#ITC 242-245
#HUL 2070-2106
#infy 1889-1920
#AshokLeyland 115-117
#intellect 761-776
#nbcc 38.60-39.40â€¦"
158,2022-03-18 14:59:26+00:00,dokudempa,"ãƒŠã‚«ã‚¸ãƒãƒ¬ãƒ¼ã‚·ãƒ³ã‚°ã®ãƒªã‚¢ã‚¦ã‚£ãƒ³ã‚°ã®ç¿¼ç«¯æ¿ã«ã¯ãƒ‰ã‚¢ãƒ©ãŒã„ã‚‹ãï¼

#SUPERFORMULA #SFormula #nakajimaracing #ä¸­å¶‹ä¼ç”» #TCS #HONDA https://t.co/I2YZyVHNDW"
159,2022-03-18 14:30:56+00:00,GWatson82,"So you didn't get into @LondonMarathon again, on the bright side, least you will get a brand new specially designed training top. 
It's like getting your big brothers hand me downs ğŸ¤¦ğŸ¼â€â™‚ï¸

#letdown #onabudget #TCS #londonmarathon @VirginMoney #noimagination #tight #handmedowns https://t.co/AYpcX2yjXI"
160,2022-03-18 14:05:40+00:00,SwingTradeBotUK,Rose Above Previous Day's High today: #BATS #ALFA #BUR #SMT #TCS #GEC #CAR #PHNX #PRU #ENT #HMEM #IMBS #SVT #VKCO ... https://t.co/S1A6MARGJr
161,2022-03-18 14:03:50+00:00,Kevin32373776,"#lugano #ticino
#luganocitta #tcs
#massagno #luganoticino
Attenzione traffico tra Massagno stanzino di Lugano 
Parcheggio pieno in stazione. 
40 minuti da massagno a Lugano. 
Prudenza PF https://t.co/DfzXmKWFH9"
162,2022-03-18 12:05:47+00:00,Shivasa56999133,"Done with my #TCS interview on 8th March...still no response even though i performed well,any one pls help what to do? Should I rise a query? @TCS"
163,2022-03-18 11:23:40+00:00,meraa_filings,"It is the tax that is collected by the sellers while selling something to the buyers.

#tax #tcs #taxcollectedsource #taxcollectedatsource #gst #itflings #meraafilings https://t.co/Pv7sIZr3DO"
164,2022-03-18 10:27:31+00:00,ipowalaoffical,"TCS Buyback total shares applied 8,68,97,818 Shares.

The QIB 6,39,04,702 Shares, NII 4,29,281 Shares and retail portion applied 2,25,63,835 Shares till 17-March-2022.

#TCS #Buyback #Tcsbuyback #buyback2022 

https://t.co/U9LywFOdH7"
165,2022-03-18 10:15:03+00:00,DataMrp,"RT @stock_infomania: #TATAELXSI

Tata Elxsi has unveiled TEngage, a digital health platform designed for omnichannel care at the HIMSS 2022â€¦"
166,2022-03-18 10:10:47+00:00,stock_infomania,"#TATAELXSI

Tata Elxsi has unveiled TEngage, a digital health platform designed for omnichannel care at the HIMSS 2022 Global Health Conference &amp; Exhibition in Orlando, Florida.

#Tata #IT #Infosys #TCS #stockstowatch #StocksInFocus #nse #Bse #StocksToTrade #StockMarketindia"
167,2022-03-18 09:42:05+00:00,TCS_Svizzero,"Quale membro dell'alleanza svizzera della bici #Cycla, il #TCS si impegna a favore della nuova #legge sulle vie ciclabili ğŸš² Il Parlamento ha approvato oggi l'ampliamento della rete di vie ciclabili. Ci rallegriamo della sua futura implementazione! ğŸ¤

#myTCS #bici #vieciclabili https://t.co/D4C8x0sP7t"
168,2022-03-18 09:42:04+00:00,TCS_Suisse,"En tant que membre de l'alliance suisse du vÃ©lo #Cycla#, le #TCS s'engage en faveur de la nouvelle loi sur les voies cyclables ğŸš² Aujourd'hui, le Parlement a approuvÃ© l'extension du rÃ©seau de #VoiesCyclables. Nous nous rÃ©jouissons de sa future mise en Å“uvre ! ğŸ¤

#myTCS #vÃ©lo https://t.co/6R1w9Zkjvr"
169,2022-03-18 09:42:04+00:00,TCS_Schweiz,"Der #TCS engagiert sich als Mitglied der Schweizer #VeloAllianz #Cycla fÃ¼r das neue #Veloweggesetz #VWG ğŸš² Heute hat das Parlament dem Ausbau des Velowegnetzes zugestimmt. Wir freuen uns auf die zukÃ¼nftige Umsetzung! ğŸ¤

#myTCS #velo #veloweg https://t.co/7AD1BbQZjh"
170,2022-03-18 08:46:05+00:00,SureshSripathi7,"RT @ETNOWlive: #TCS board appoints #GanapathySubramaniam COO, ED till May 2024, reappoints #RajeshGopinathan as MD, CEO for 5 years 

@TCSâ€¦"
171,2022-03-18 08:24:18+00:00,domhalps,"RT @HPE_Alliances: Interested in Cognitive Quality Assurance solution from @HPE and @TCS, yet wondering what your peers are using it for? Hâ€¦"
172,2022-03-18 08:12:33+00:00,domhalps,RT @HPE_Alliances: Thinking of automating quality assurance for your manufacturing business? Cognitive Quality Assurance from @HPE and @TCSâ€¦
173,2022-03-18 07:40:15+00:00,Srinivasgolla16,"RT @ETNOWlive: #StocksToWatch | Here are some stocks to watch out for in Monday's trading session 

#Cipla #SunPharma #RBLBank #HDFC #TCS #â€¦"
174,2022-03-18 07:35:13+00:00,glocallysocial,"Have a safe &amp; Healthy Holi!

#corporatehumour #corporatememes #tcsmemes #memesdaily #indianmemes #linkedinmemes #workhumour #officememes #officejokes #jobs #work #officelife #tcs #wipro #infosys #hcl #techm #accenture #capgemini #cognizant #holihai #holihai2022 #rangbarse #glocal https://t.co/3YR5m2AQ5s"
175,2022-03-18 07:22:42+00:00,YuvaanZain,"RT @Mr_BusinessFish: #TCS Limited shares gains 2.48% today, and traded at 3,571.30 INR on #BSE 

#StockMarket #Stocks #HCLShares #ShivNadarâ€¦"
176,2022-03-18 07:12:10+00:00,BizzBuzzNews,IT major TCS bags multi-year deal from Australia's Western Power #TCS #Software #Australia #WesternPower https://t.co/hWcZTJ3jHJ
177,2022-03-18 06:48:32+00:00,ETNowSwadesh,"RT @ETNOWlive: #StocksToWatch | Here are some stocks to watch out for in Monday's trading session 

#Cipla #SunPharma #RBLBank #HDFC #TCS #â€¦"
178,2022-03-18 06:46:19+00:00,Jaisvi_hrishi,"RT @Mr_BusinessFish: #TataConsultancyServices gains 0.036%  today &amp; traded at 3,622.25 INR on #BSE
 
#TCS #MarketUpdate #StockMarket https:â€¦"
179,2022-03-18 06:46:14+00:00,Jaisvi_hrishi,"RT @Mr_BusinessFish: #TataConsultancyServices gains 0.52%  today &amp; traded at 3,651.35 INR on #BSE
 
#TCS #MarketUpdate #StockMarket https:/â€¦"
180,2022-03-18 06:20:06+00:00,NgIokKhai,"#Gogoro æ¨å‡ºæ–°æŠ€è¡“ #SSmartcore æ™ºé§•é›»æ§æ ¸å¿ƒï¼Œé™¤äº†é‹ç®—èƒ½åŠ›æå‡ï¼Œé‚„æœ‰ #TCS å¾ªè·¡é˜²æ»‘ç³»çµ±ã€#å®šé€Ÿå·¡èˆª æ¨¡å¼å’Œ LTE é ç«¯ç„¡ç·šé€£ç¶²æœå‹™ã€‚ä¹‹å¾Œå¯ä»¥é€éé›²ç«¯æ›´æ–°æ“´å¢å„é …åŠŸèƒ½ã€‚æœªä¾†ä¹Ÿæœƒå°‡é€™äº›æŠ€è¡“çµ¦ #PBGN å¤¥ä¼´é–‹ç™¼æ–°è»Šç¨®ã€‚

@Mobile01 æ¡è¨ªï¼šhttps://t.co/6nO4qWGM1N
å®˜æ–¹æ–°èç¨¿ï¼šhttps://t.co/4DUQSYezZI"
181,2022-03-18 06:12:03+00:00,havenspire,"#TCS Reappoints Rajesh Gopinathan As CEO, N Subramaniam As COO For Five Years"
182,2022-03-18 06:10:50+00:00,beyomersen,DÃ¼alarim kabul olmus sanirim #tcs https://t.co/RSvamfKSOC
183,2022-03-18 06:02:42+00:00,AppleBot14,"RT @ETNOWlive: #StocksToWatch | Here are some stocks to watch out for in Monday's trading session 

#Cipla #SunPharma #RBLBank #HDFC #TCS #â€¦"
184,2022-03-18 06:01:49+00:00,animo_bot,"RT @ETNOWlive: #StocksToWatch | Here are some stocks to watch out for in Monday's trading session 

#Cipla #SunPharma #RBLBank #HDFC #TCS #â€¦"
185,2022-03-18 06:01:24+00:00,buzzsubash,"RT @SLPandhare: Above 60% average 5 days  delivery %age 
#TCS 69.23%
#HUL 65.02%
#Infosys 65%
#ITC 63.86%
#powergrid 63.03%

#StockMarket #â€¦"
186,2022-03-18 05:57:26+00:00,SLPandhare,"Above 60% average 5 days  delivery %age 
#TCS 69.23%
#HUL 65.02%
#Infosys 65%
#ITC 63.86%
#powergrid 63.03%

#StockMarket #trading #investing #Nifty #banknifty #OptionsTrading"
187,2022-03-18 05:55:21+00:00,Kollisfinserv,"RT @ETNOWlive: #StocksToWatch | Here are some stocks to watch out for in Monday's trading session 

#Cipla #SunPharma #RBLBank #HDFC #TCS #â€¦"
188,2022-03-18 05:36:06+00:00,marketsday,"RT @ETNOWlive: #StocksToWatch | Here are some stocks to watch out for in Monday's trading session 

#Cipla #SunPharma #RBLBank #HDFC #TCS #â€¦"
189,2022-03-18 05:35:37+00:00,ETNOWlive,"#StocksToWatch | Here are some stocks to watch out for in Monday's trading session 

#Cipla #SunPharma #RBLBank #HDFC #TCS #StockMarket https://t.co/kjkQL3KYWv"
190,2022-03-18 05:29:38+00:00,SaraUrvi,"RT @Mr_BusinessFish: #TCS Limited shares gains 2.48% today, and traded at 3,571.30 INR on #BSE 

#StockMarket #Stocks #HCLShares #ShivNadarâ€¦"
191,2022-03-18 05:29:31+00:00,SaraUrvi,"RT @Mr_BusinessFish: #TCS gains 0.62% today &amp; traded at 3,622.25 INR on #BSE 

#StockMarket #Tata #TataShares https://t.co/RFmtkBOU7q"
192,2022-03-18 05:29:22+00:00,SaraUrvi,"RT @Mr_BusinessFish: #TataConsultancyServices gains 0.52%  today &amp; traded at 3,651.35 INR on #BSE
 
#TCS #MarketUpdate #StockMarket https:/â€¦"
193,2022-03-18 05:29:17+00:00,SaraUrvi,"RT @Mr_BusinessFish: #TataConsultancyServices gains 0.036%  today &amp; traded at 3,622.25 INR on #BSE
 
#TCS #MarketUpdate #StockMarket https:â€¦"
194,2022-03-18 05:27:45+00:00,JimmyGupta111,"Evry Good IT company face trouble or hard period  From 2007 to 2009 all were available at very attractive rate NOW all are ğŸ’¥ booming  

Covid change perception of every Business  still these all will give multifold return 

#TCS
#INFY
#WIPRO"
195,2022-03-18 05:20:27+00:00,PSC_2018,"RT @Kitamura_sandes: äººäº‹ç•°å‹•ã®å†…ç¤ºãŒç™ºä»¤ã•ã‚Œ

å‘¨ã‚ŠãŒã–ã‚ã¤ã„ã¦ã¾ã™

ã©ã‚“ãªçŠ¶æ³ã«ãªã£ã¦ã‚‚

(ãã£ã¨å¤§ä¸ˆå¤«)

ã¨æ€ãˆã¦ã„ã‚‹ã®ã¯

TCSã§ã‚³ãƒŸãƒ¥ãƒ‹ã‚±ãƒ¼ã‚·ãƒ§ãƒ³ã‚’å­¦ã‚“ã ã‹ã‚‰ã ã‚ã†ãª

#ãƒ‘ãƒ¼ã‚½ãƒŠãƒ«ãƒ©ã‚¤ãƒ•ã‚³ãƒ¼ãƒ
#ã‚³ãƒ¼ãƒãƒ³ã‚°
#ã‚»ãƒ«ãƒ•ã‚³ãƒ¼ãƒãƒ³ã‚°
#ãƒ‘ãƒ¼ãƒˆãƒŠâ€¦"
196,2022-03-18 05:15:28+00:00,mag_dhanam,à´Ÿà´¿à´¸à´¿à´à´¸àµ à´à´‚à´¡à´¿à´¯àµà´‚ à´¸à´¿à´‡à´’à´¯àµà´®à´¾à´¯à´¿ à´°à´¾à´œàµ‡à´·àµ à´—àµ‹à´ªà´¿à´¨à´¾à´¥àµ à´¤àµà´Ÿà´°àµà´‚ #TCS #RajeshGopinathan #TCSmdandceo #tcsceo https://t.co/A5s1LPLUsY
197,2022-03-18 05:09:40+00:00,buzzsubash,"RT @prabhualgan: #voltas 
#tcs 
#mcdowell
#nifty #nifty50 #stockmarketindia #nseindia #stockstobuy https://t.co/tWGV53nV34"
198,2022-03-18 04:51:22+00:00,RMSROUPS,Happy Holi  #HappyHoli #HappyHoli2022 #HappyHoli_2022  #JobAlert #Amazon #Flipkart #tcs #DELL #COVID #festivalofcolors #Jobs #Accenture https://t.co/cuhsCQt7tR
199,2022-03-18 04:41:46+00:00,prabhualgan,"#voltas 
#tcs 
#mcdowell
#nifty #nifty50 #stockmarketindia #nseindia #stockstobuy https://t.co/tWGV53nV34"
200,2022-03-18 04:36:10+00:00,devaks7,"RT @NiftyBulls10x: *Service Exports likely to touch $1 Tn 3 years before target
*Nearly 50% of total service exports comprises of IT exportâ€¦"
201,2022-03-18 04:34:22+00:00,IkramHaider_,"@tcs_couriers why you are not dispatching the parcel to it's destination even after 9 days of booking date??? #tcs

@NadraPak @PakIDNadra please help, ID card is still at TCS Rawalpindi Facility from last 9 days even I informed tcs though whatsapp and Twitter dm.
@ReplyTariq https://t.co/lQxN8ukjKA"
202,2022-03-18 04:27:15+00:00,NiftyBulls10x,"*Service Exports likely to touch $1 Tn 3 years before target
*Nearly 50% of total service exports comprises of IT exports

#TCS #Infosys #HappiestMinds #KPIT #LTTS #TataElxsi #KelltonTech etc.

ğŸš€ğŸš€ğŸš€

#NB10x https://t.co/6eNWFUK7VC"
203,2022-03-18 04:20:39+00:00,KavishNagp,"RT @stock_infomania: IT STOCKS

Accenture Reports Very Strong Second-Quarter Results and Raises Revenue and EPS Outlook for Fiscal 2022

--â€¦"
204,2022-03-18 04:14:46+00:00,drteju,"RT @rajivmehta19: #TCS received 2,17,465 bids for the Buyback Today*

Point to consider is that 99% Buybacks in past haven't received totalâ€¦"
205,2022-03-18 03:00:14+00:00,shankar_k6669,"RT @jaii_balayya: Any #TCS Employee Working from #Chennai location ?
Is it sure Work from Office begins from April 1??"
206,2022-03-18 03:00:00+00:00,TDS_MAN,"May the colours of HOLI fill your life with joy and happiness..!!
.
.
#TDSTCSsoftware #TDS #TCS #TDSTCSReturns #TDSTCSFiling #Holi #TDSMAN

Follow below link to download trial of TDSMAN
https://t.co/CsVkM4wB83 https://t.co/mYpRNSoYsj"
207,2022-03-18 02:22:01+00:00,buzzsubash,"RT @REALmoneydhan: DAILY   #PREDICTION RESULTS 
For  17 March 2022
4 out of 7 predictions are correct.

#Nifty #BankNifty #Reliance #HDFCBaâ€¦"
208,2022-03-18 02:21:20+00:00,buzzsubash,"RT @REALmoneydhan: WEEKLY   #PREDICTION RESULTS 
For  13 March - 18 March 2022
2 out of 7 predictions are correct.

#Nifty #BankNifty #Reliâ€¦"
209,2022-03-18 01:39:31+00:00,creativestorenz,"Performance Marketing Specialist 
ginnaya@thecreativestore.co.nz
https://t.co/L62NU387yn
#performance #ecommerce #digital #tech #marketing #paid #advertising #client #environmental #christchurch #thecreativestore #job #tcs https://t.co/KpBUqI2PGA"
210,2022-03-17 22:39:43+00:00,creativestorenz,"Ecommerce Specialist 
ginnaya@thecreativestore.co.nz
https://t.co/u2IozqkoeQ
#digital #tech #marketing #ecommerce #UX #UI #client #environmental #christchurch #thecreativestore #job #tcs https://t.co/eqby1zE4gC"
211,2022-03-17 21:29:51+00:00,Smallest_Grape,RT @FranAnimations1: The Cuphead show's first season Incredible ! I can't wait for the second one to release! Here's a reanimation I made oâ€¦
212,2022-03-17 21:00:03+00:00,buzzsubash,"RT @jags0923: #stocks  on 16.03.22

#ITC 242-245
#HUL 2070-2106
#infy 1889-1920
#AshokLeyland 115-117
#intellect 761-776
#nbcc 38.60-39.40â€¦"
213,2022-03-17 20:56:58+00:00,upyields,"RT @jags0923: #stocks  on 16.03.22

#ITC 242-245
#HUL 2070-2106
#infy 1889-1920
#AshokLeyland 115-117
#intellect 761-776
#nbcc 38.60-39.40â€¦"
214,2022-03-17 20:55:37+00:00,stoxopedia,"RT @jags0923: #stocks  on 16.03.22

#ITC 242-245
#HUL 2070-2106
#infy 1889-1920
#AshokLeyland 115-117
#intellect 761-776
#nbcc 38.60-39.40â€¦"
215,2022-03-17 20:55:14+00:00,jags0923,"#stocks  on 16.03.22

#ITC 242-245
#HUL 2070-2106
#infy 1889-1920
#AshokLeyland 115-117
#intellect 761-776
#nbcc 38.60-39.40
#marico 525-535
#TCS 3650-3700
#hindalco 572-579
#wipro 597-607

#Nifty #nifty50 #BSE #NSE #StockMarket #learning #education #Technical #TA 
For Learning."
216,2022-03-17 20:30:44+00:00,Nordlicht1435,"RT @trains_and_more: Retrack 189 211 komt met de vertraagde GreenCity Trip door Arnhem Velperpoort op 14-03-2022.
#Retrack #VTG #GreenCityTâ€¦"
217,2022-03-17 20:15:01+00:00,ITconnecter,""" #TCS has #autonomous driving road; team drives #autonomouscar daily, collecting #data useful for AI dev of autonomous vehicles. @Nissan's built &gt;40 courses in collaboration w/ @TCS combining automotive SW dev expertise + SW eng training know-how"" @nikkei https://t.co/guMwLjJVCq"
218,2022-03-17 19:42:31+00:00,Siddharth_poly,RT @ZeeNewsEnglish: #TCS bags a multi-year contract from #WesternPower  for digital transformation of its software system for delivery of câ€¦
219,2022-03-17 19:31:49+00:00,valurank,"Content analysis:
This article scores 82/100. The complete report can be viewed here: https://t.co/u8BwpcTNBW
(I'm a bot)

#TCS #WesternPower #Australia https://t.co/0o8TfYxVNw"
220,2022-03-17 19:31:15+00:00,ZeeNewsEnglish,"#TCS bags a multi-year contract from #WesternPower  for digital transformation of its software system for delivery of cleaner and resilient energy supply to western #Australia 

@TCS https://t.co/XfpmmLLJ8w"
221,2022-03-17 19:14:13+00:00,krbenedict,"RT @FOBtv_Channel: Do companies have a choice between adopting an #ecosystemstrategy or doing it all on their own? Our host, @krbenedict asâ€¦"
222,2022-03-17 19:04:56+00:00,abhirock12,RT @rmehra007: #Passionate #Indian #Stock #Engineer #TCS @sudeeparora12 @TanmoyK99173211 @abhirock12 https://t.co/bdgDbmMTJU
223,2022-03-17 19:03:55+00:00,FOBtv_Channel,"Do companies have a choice between adopting an #ecosystemstrategy or doing it all on their own? Our host, @krbenedict asks author and expert @RonAdner 
Full Interview:https://t.co/znmoPqpvXd

#FOBtv #TCS #RonAdner #Ecosystems #businessleader #businessstrategy https://t.co/HSpsVlqrfG"
224,2022-03-17 18:19:33+00:00,MudginsCom,TCS bags multi-year deal from Australia#39;s Western Power https://t.co/uc5UZEpwYi #BusinessNews #TCS
225,2022-03-17 18:16:45+00:00,TurkiyaShubham,"https://t.co/E1f9SclAEs

#TCS - trading in new range.
#rectangle
#nseindia #NSE 

#SwingTrading #TRADINGTIPS #trading #tradingstrategy #TradingView #tradingstrategy #StocksToBuy #stockmarkets #stocks #StockMarketindia #stockstowatch #StocksInFocus #stocktobuy"
226,2022-03-17 18:01:51+00:00,Abinash8370,"RT @pratiktejani8: Received Divided Every Month!
#tcs #crisil #coalindia #hdfcbank #itc #icicibank #jswcement #ioc #gnagears #uniliver #exiâ€¦"
227,2022-03-17 17:40:09+00:00,moneycontrolcom,"#TCS said in a regulatory filing today that its board has reappointed Rajesh Gopinathan as the MD and #CEO for five years from February 21, 2022, to February 20, 2027.

Read more ğŸ‘‡
https://t.co/CrkS0y9Iil

#RajeshGopinathan @TCS"
228,2022-03-17 17:28:29+00:00,rajivmehta19,"#TCS received 2,17,465 bids for the Buyback Today*

Point to consider is that 99% Buybacks in past haven't received total 2 Lakh bids

As per sources, among half of the bids received today

*Total Number of Bids Received till today are 7,86,152*"
229,2022-03-17 17:08:05+00:00,missbehaved16,"TCS reappoints Rajesh Gopinathan as MD and CEO for five years.
#TCS #TataGroup"
230,2022-03-17 17:03:54+00:00,DJInvestor9,"#TCS #BUYBACK 2022 - Demand VS BID Data analysis ğŸ‘‡

https://t.co/delBBf2dtj

#Like #Subscribe"
231,2022-03-17 17:01:35+00:00,stock_infomania,"TCS

TCS Reappointed Mr. Rajesh Gopinathan as the Chief Executive Officer and Managing Director for a term of five years from February 21, 2022 to February 20, 2027.

#Tcs #Tata #Infosys https://t.co/XlFGp4ZDUE"
232,2022-03-17 16:57:03+00:00,KLESBCA_HUBLI,"Congratulations Ms Rutu Belavanki ğŸ’ğŸ’
#klesbcahubballi #klebcahubli #klesociety #placements #wipro #deloitte #tcs #cognizant #accenture @ KLE Society's BCA, P C J Sc College, Hubballi https://t.co/SuSFk22M10"
233,2022-03-17 15:57:07+00:00,Lknath_stp,"RT @deepak_pugalia: Accenture ke result bhadayega IT ka accelerator.
#ITresults
#INfosys
#TCS"
234,2022-03-17 15:48:33+00:00,PriyaGautamJha,"RT @ETNOWlive: #TCS board appoints #GanapathySubramaniam COO, ED till May 2024, reappoints #RajeshGopinathan as MD, CEO for 5 years 

@TCSâ€¦"
235,2022-03-17 15:46:20+00:00,ETNOWlive,"#TCS board appoints #GanapathySubramaniam COO, ED till May 2024, reappoints #RajeshGopinathan as MD, CEO for 5 years 

@TCS https://t.co/OvavQtxTR3"
236,2022-03-17 15:42:32+00:00,buzzsubash,"RT @Financialguru00: Still Not Connected to Telegram Channel....
There are More than 1260 members Already

Click Here to Join....
https://tâ€¦"
237,2022-03-17 15:10:55+00:00,Financialguru00,"Still Not Connected to Telegram Channel....
There are More than 1260 members Already

Click Here to Join....
https://t.co/amZbOBSyxo

#nifty #banknifty #sensex #reliance #tatamotor #tcs #Infosys #sbi #hdfc #stocktrading #cnbc #follow #retweet"
238,2022-03-17 15:09:52+00:00,Kandidatte,"RT @AlexTrading07: Top 10 IT services company Globally..
#accenture #tcs #infosys #IBM #hcl #wipro #NSE #BSE #nseindia #BSEB https://t.co/Iâ€¦"
239,2022-03-17 15:09:31+00:00,Kandidatte,"RT @stock_infomania: IT STOCKS

Accenture Reports Very Strong Second-Quarter Results and Raises Revenue and EPS Outlook for Fiscal 2022

--â€¦"
240,2022-03-17 14:33:16+00:00,Arvind__Ramani,"RT @hiya_mee: @hiya_mee invites our #tech #community to the #HiringEvent on 17 March 2022, for #careeropportunities at @TCS This invite-onlâ€¦"
241,2022-03-17 14:33:08+00:00,ksrmceofficial,#Ksrmtestimonials #testimonials #ksrmceplacementdrive #ksrmplacements #ksrmadmissions #tcs #wipro #maventic #tecra #mindttree #vpg #mphasis #KSRM #ksrmce #kandulagroups #engineering #kadapa #ksrmceclubs #jntua #AICTE #aishe #apsche #IntiativesofMHRD https://t.co/YhBF6Lgp7Z
242,2022-03-17 14:31:18+00:00,deepak_pugalia,"Accenture ke result bhadayega IT ka accelerator.
#ITresults
#INfosys
#TCS"
243,2022-03-17 14:26:45+00:00,hotsumit007,"#TCS #CE 228 done today... Ye toh rukne ka naam hi nahi le raha...
Seems it will do our third target of 150/200/250... ğŸ¥³"
244,2022-03-17 14:23:29+00:00,The_Megatrend,"Rather than investing in #Infosys &amp; #TCS, one should look for other opportunities in Market for next 5-10 years. 

It does not mean that they will give Negative return but it will underperform the broader market for long-long time.

#USD

#Megatrend is changing."
245,2022-03-17 14:17:03+00:00,alvy_dental,"Get a TRUE shade of pink with #TCS Resins. Unlike some of our competitors, our resin shades donâ€™t have bright orange or red undertones, which is why TCS partials blend in seamlessly in the mouth.
Visit: https://t.co/fxP59Vws3V
Call: +1 732 664 6644
#alvydental #alvydentalsupply https://t.co/kY0OCUiBij"
246,2022-03-17 13:08:45+00:00,krbenedict,"RT @FOBtv_Channel: Food Equity, the Pandemic and the Future of Public Health with expert @simiii_sim  and host @krbenedict. Full Discussionâ€¦"
247,2022-03-17 12:58:03+00:00,NiftyBulls10x,"RT @NiftyBulls10x: #TCS ğŸ’ªğŸ’ªğŸ’ª

*TCS has been Recognized as a Leader in GartnerÂ® Magic Quadrantâ„¢ for Global Outsourced Digital Workplace Serviâ€¦"
248,2022-03-17 12:57:57+00:00,NiftyBulls10x,"#TCS ğŸ’ªğŸ’ªğŸ’ª

*TCS has been Recognized as a Leader in GartnerÂ® Magic Quadrantâ„¢ for Global Outsourced Digital Workplace Services 

#NB10x https://t.co/59U7hBdv8g"
249,2022-03-17 12:55:35+00:00,TahirSoomro19,"RT @tcs_couriers: Special discount on UAE shipments

Send gifts to your loved ones in UAE through TCS economically.

For further informatioâ€¦"
250,2022-03-17 12:53:53+00:00,tcs_couriers,"Special discount on UAE shipments

Send gifts to your loved ones in UAE through TCS economically.

For further information &amp; details, please call (021)-111-123-456.

#TCS #TrustALeaderToDeliver #LogisticsBackbone #SendGifts #UAEGifts https://t.co/vrzJN5b6us"
251,2022-03-17 12:40:41+00:00,FinancialXpress,"#TCS is working with #SGX to ensure the change happens seamlessly and members are equipped to migrate to the new system.

https://t.co/7c20PdklWE"
252,2022-03-17 12:36:56+00:00,buzzsubash,"RT @REALmoneydhan: WEEKLY   #PREDICTION RESULTS 
For  13 March - 18 March 2022
2 out of 7 predictions are correct.

#Nifty #BankNifty #Reliâ€¦"
253,2022-03-17 12:36:14+00:00,buzzsubash,"RT @REALmoneydhan: DAILY   #PREDICTION RESULTS 
For  17 March 2022
4 out of 7 predictions are correct.

#Nifty #BankNifty #Reliance #HDFCBaâ€¦"
254,2022-03-17 12:33:02+00:00,SNTaxConsultant,"RT @ca_garganshul: Summary of Newly inserted #TDS/#TCS provisions...
#194Q
#206C(1H)
#206AB
#206CCA https://t.co/n9xIah0szJ"
255,2022-03-17 12:22:39+00:00,REALmoneydhan,"DAILY   #PREDICTION RESULTS 
For  17 March 2022
4 out of 7 predictions are correct.

#Nifty #BankNifty #Reliance #HDFCBank #icicibank #TCS #Infosys https://t.co/hAhF6LTBY7"
256,2022-03-17 12:22:17+00:00,REALmoneydhan,"WEEKLY   #PREDICTION RESULTS 
For  13 March - 18 March 2022
2 out of 7 predictions are correct.

#Nifty #BankNifty #Reliance #HDFCBank #icicibank #TCS #Infosys https://t.co/4Xiqvo1UIG"
257,2022-03-17 12:13:48+00:00,tcs_couriers,RT @darazpk: Planning on buying a bulky product? Well you're in luck! @tcs_couriers has joined hands with daraz to provide FREE SHIPPING onâ€¦
258,2022-03-17 11:58:22+00:00,AlertExchange,"#Accenture Reports Very Strong Second-Quarter Results and Raises Revenue and EPS Outlook for Fiscal 2022 | Business Wire

#infosys #hcl #tcs #tata #mindtree #dixon #mphasis  https://t.co/7xnAXqKPV4"
259,2022-03-17 11:47:32+00:00,equitybulls,"TCS Recognized as a Leader in GartnerÂ® Magic Quadrantâ„¢ for Global Outsourced Digital Workplace Services

#TataConsultancyServices #INE467B01029 #TCS #Leader #GartnerMagicQuadrant #DigitalWorkplaceServices 

https://t.co/CB1E0Dqgh1 https://t.co/qy7uMPZGPp"
260,2022-03-17 11:39:58+00:00,SWARAJ212121,"RT @stock_infomania: IT STOCKS

Accenture Reports Very Strong Second-Quarter Results and Raises Revenue and EPS Outlook for Fiscal 2022

--â€¦"
261,2022-03-17 11:35:35+00:00,stock_infomania,"IT STOCKS

Accenture Reports Very Strong Second-Quarter Results and Raises Revenue and EPS Outlook for Fiscal 2022

-- Revenues are $15.0 billion, an increase of 24% in U.S. dollars and 28% in local currency --

-- EPS are $2.54, a 14% increase

#Accenture #Infosys #TCS #Wipro https://t.co/rpoJUF44ci"
262,2022-03-17 11:21:13+00:00,cas_2050001283,"ytpIq6vğ„ky&lt;zz #krhzpbslighiDcw #tcS @cas_2050089382 qrg
&lt;eqr a42GGPgq https://t.co/HZ5kPCbTSY"
263,2022-03-17 11:15:44+00:00,pratiktejani8,"Received Divided Every Month!
#tcs #crisil #coalindia #hdfcbank #itc #icicibank #jswcement #ioc #gnagears #uniliver #exide #orientalaromatics #sharemarket #stockmarket #nifty #sensex #nse #niftybank https://t.co/1vajB6DJQp"
264,2022-03-17 11:06:28+00:00,FinTaxBot,"RT @Asset_fox: #StocksInNews | TCS gets multi-year contract from Australian government's Western Power

@TCS #StockMarket #TCS"
265,2022-03-17 11:06:22+00:00,Asset_fox,"#StocksInNews | TCS gets multi-year contract from Australian government's Western Power

@TCS #StockMarket #TCS"
266,2022-03-17 11:01:11+00:00,sriramvyas,#AI #TCS #GoogleCloud https://t.co/PY0gmeT1Xl
267,2022-03-17 10:50:44+00:00,market_announce,"TCS ğŸ“¢

#TCS - Company update
https://t.co/RdJyp2oy5x
RoE: 42.97, PB: 15.63

#investing https://t.co/joARALmkni"
268,2022-03-17 10:30:06+00:00,hiya_mee,"@hiya_mee invites our #tech #community to the #HiringEvent on 17 March 2022, for #careeropportunities at @TCS This invite-only event is hosted by @hiya_mee and sponsored by @TCS. 

To register, click on https://t.co/4rq6Eg9F8E or scan the QR code.

#TCS #TCSCareers #tcshiring https://t.co/qf8kPPYY1p"
269,2022-03-17 10:16:17+00:00,stockocity,"RT @santhosh1861999: #Accenture earnings in less than two hours. Fingers crossed that the earnings meets estimates.

If it misses the estimâ€¦"
270,2022-03-17 10:14:51+00:00,santhosh1861999,"#Accenture earnings in less than two hours. Fingers crossed that the earnings meets estimates.

If it misses the estimates, The magnitude of collpase in the stock and the #Nasdaq will be big. It will also embrace onto other I.T. stocks around the globe.

#Nifty #Infosys #TCS"
271,2022-03-17 09:44:55+00:00,jschanan,"#TCS ğŸ‡®ğŸ‡³ on the #NSE #Block of 23,855 shares at Rs. 3674.00 worth 8.76 crore rupees at 3:02 PM #blockdeal #intraday #large

#AdaniTrans ğŸ‡®ğŸ‡³ on the #NSE #Block of 27,890 shares at Rs. 2398.60 worth 6.69 crore rupees at 3:01 PM"
272,2022-03-17 09:39:12+00:00,jschanan,"#TCS ğŸ‡®ğŸ‡³ on the #NSE #Block of 16,992 shares at Rs. 3691.35 worth 6.27 crore rupees at 3:00 PM #blockdeal #intraday #large

#Sundaram Fin ğŸ‡®ğŸ‡³ on the #NSE #Block of 29,382 shares at Rs. 1830.00 worth 5.38 crore rupees at 3:00 PM"
273,2022-03-17 09:38:24+00:00,jschanan,"#TCS ğŸ‡®ğŸ‡³ on the #NSE #Block of 25,647 shares at Rs. 3690.20 worth 9.46 crore rupees at 3:00 PM #blockdeal #intraday #large

#ITC ğŸ‡®ğŸ‡³ on the #NSE #Block of 183,317 shares at Rs. 245.00 worth 4.49 crore rupees at 3:00 PM"
274,2022-03-17 09:34:18+00:00,jschanan,"#TCS ğŸ‡®ğŸ‡³ on the #NSE #Block of 16,872 shares at Rs. 3691.30 worth 6.23 crore rupees at 3:00 PM #blockdeal #intraday #large

#adaniwilmar ğŸ‡®ğŸ‡³ on the #NSE #Block of 429,602 shares at Rs. 380.85 worth 16.36 crore rupees at 2:59 PM"
275,2022-03-17 09:15:59+00:00,AlertExchange,"#TCS about to boom. Still chance to buy at CMP. 

Target: 4500 by April. ğŸš€ğŸš€ğŸš€ğŸš€

#nse #bee #sensex #milestone #nasdaq #dowjones #nifty #tata #nifty50 #infosys #hcl #mindtree #mphasis"
276,2022-03-17 08:59:50+00:00,MargNewsIN,"SGX Selects TCS As Strategic Partner For Its NSE IFSC-SGX Connect In Gift City
#SGXNIFTY #NSE #TCS #Collaboration #GiftCity 
https://t.co/xKILMeYaYF"
277,2022-03-17 08:47:58+00:00,pahari_trader,"#TCS from 3540 to 3708+ğŸ¥³

Target 1 doneğŸ˜ğŸ’°

Given 168+ points so farğŸ’°ğŸ’°

Mid term 4000+ comingğŸ’°ğŸ˜ https://t.co/Era885PkTP"
278,2022-03-17 08:35:04+00:00,orbalerts,NimblrTA Intraday Alerts(MT4-ORB Academy): Post-Noon Alert:#TCS BREAKOUT: BUY above  3718.55  T: 3739.20/3745.40/3755.45   SL: 3686.90   DTRL: 5.58   CDL: 130   #2022.03.17 14:05 https://t.co/76RkMdSCRD
279,2022-03-17 08:30:13+00:00,jschanan,"#TCS ğŸ‡®ğŸ‡³ on the #NSE #Block of 266,299 shares at Rs. 3700.85 worth 98.55 crore rupees at 1:52 PM #blockdeal #intraday #large

 If you found this helpful, please like or re-tweet it and follow me @jschanan"
280,2022-03-17 08:17:56+00:00,WorkisworshipH,"RT @sanjhota: #sharekhan #Investment Picks
#UPL Ltd BUY PT Rs930
#stockstowatch 
#coal prices cooling off from high +ve #cement companies
#â€¦"
281,2022-03-17 08:16:43+00:00,Sharekhan,"RT @sanjhota: #sharekhan #Investment Picks
#UPL Ltd BUY PT Rs930
#stockstowatch 
#coal prices cooling off from high +ve #cement companies
#â€¦"
282,2022-03-17 08:15:55+00:00,Bullish2023,#tcs fills gap dn of 3705 created on  24 feb..cmp 3707.. https://t.co/dJw5BBFEyi
283,2022-03-17 08:01:19+00:00,PandurePrashant,RT @stocks_in: #TCS bags deal to enable #Nifty trading between India &amp; Singapore - Fortune India [Automated tweet] https://t.co/hCjtC1MTsQ
284,2022-03-17 08:00:32+00:00,stocks_in,#TCS bags deal to enable #Nifty trading between India &amp; Singapore - Fortune India [Automated tweet] https://t.co/hCjtC1MTsQ
285,2022-03-17 07:23:57+00:00,jobsviatweet,"RT @Freshersworld: TCS Off Campus Hiring registrations open - Grab an opportunity for TCS Digital

Apply Now : https://t.co/pkb3u5L6L7  

#â€¦"
286,2022-03-17 07:13:42+00:00,NBK64048732,"RT @jaii_balayya: Any #TCS Employee Working from #Chennai location ?
Is it sure Work from Office begins from April 1??"
287,2022-03-17 07:13:00+00:00,Freshersworld,"TCS Off Campus Hiring registrations open - Grab an opportunity for TCS Digital

Apply Now : https://t.co/pkb3u5L6L7  

#tcs #tcscareer #career #tcsoffcampus #hiring #offcampusdrive #offcampus #offcampusjobs4u #offcampusjobs #engineeringopportunities #tcsjobs https://t.co/cG2V4VKbBy"
288,2022-03-17 06:49:47+00:00,buzzsubash,"RT @FighterAKR: #StocksInNews | TCS gets multi-year contract from Australian government's Western Power..

@TCS #Nifty #nifty50 #tcs #Stockâ€¦"
289,2022-03-17 06:48:40+00:00,Arvind__Ramani,"RT @hiya_mee: @hiya_mee invites our #tech #community to the #HiringEvent on 17 March 2022, for #careeropportunities at @TCS This invite-onlâ€¦"
290,2022-03-17 06:47:20+00:00,Quarter_Masters,"RT @ETNOWlive: #StocksInNews | TCS gets multi-year contract from Australian government's Western Power

@TCS #StockMarket #TCS https://t.coâ€¦"
291,2022-03-17 06:43:23+00:00,TaskOrder,"RT @ETNOWlive: #StocksInNews | TCS gets multi-year contract from Australian government's Western Power

@TCS #StockMarket #TCS https://t.coâ€¦"
292,2022-03-17 06:40:49+00:00,impatientsoul11,"RT @ETNOWlive: #StocksInNews | TCS gets multi-year contract from Australian government's Western Power

@TCS #StockMarket #TCS https://t.coâ€¦"
293,2022-03-17 06:34:58+00:00,9jo_jotaro2022,ç‰©å¥½ããªäººãŸã¡ã‹ã‚‰ã€Œç›®æ¨™ã¨ã‹å¤¢ã¨ã‹ã‚ã‚Œã°æ•™ãˆã¦ãã ã•ã„ï¼ã€ã¨è³ªå•ã•ã‚Œã‚‹ã“ã¨ãŒã“ã‚“ãªãƒ¯ã‚¿ã‚¯ã‚·ã§ã‚‚ãŸã¾ã«ã‚ã‚‹ã®ã§ã™ãŒã€ä»Šã¯ #KAIRI é¸æ‰‹ã®å…¥å ´æ›²ã‚’ä½œã‚‹ã®ãŒæœ€è¿‘ã®ç›®æ¨™ã‹ãªãã€‚ä½™è«‡ã§ã™ãŒãã®å‰ã¯ #æœ¨æ‘èŠ± é¸æ‰‹ã®å…¥å ´æ›²ã‹ #TCS ã®ãƒ†ãƒ¼ãƒã‚’ä½œã‚‹ã®ãŒç›®æ¨™ã§ã—ãŸã€‚å¶ã‚ãªã‹ã£ãŸã‘ã©... https://t.co/DIx3Hfv8za
294,2022-03-17 06:31:18+00:00,NiftyBulls10x,"RT @NiftyBulls10x: #TCS

For those who applied X no of TCS shares for Buy back
*X shares will currently not appear in your Holding statemenâ€¦"
295,2022-03-17 06:31:07+00:00,NiftyBulls10x,"#TCS

For those who applied X no of TCS shares for Buy back
*X shares will currently not appear in your Holding statement
*If your bid gets accepted then you will get money in your bank account by 31st March
*If your bid fails, you will see TCS stocks in your demat again

#NB10x https://t.co/Yuhn5UhIaH"
296,2022-03-17 06:22:34+00:00,FighterAKR,"#StocksInNews | TCS gets multi-year contract from Australian government's Western Power..

@TCS #Nifty #nifty50 #tcs #StocksToBuy #stockstowatch #StocksInFocus #StocksToTrade #stocksinnews #StocksMarket #sharemarket #sharemarketindia https://t.co/DxHuwLVtIL"
297,2022-03-17 06:09:15+00:00,ETNOWlive,"#StocksInNews | TCS gets multi-year contract from Australian government's Western Power

@TCS #StockMarket #TCS https://t.co/3nfNV5Lblq"
298,2022-03-17 05:55:32+00:00,market_announce,"TCS ğŸ“¢

#TCS - Company update
https://t.co/K02RSArtlr
RoE: 42.97, PB: 15.63

#investing https://t.co/F3xpJuRm0x"
299,2022-03-17 05:35:05+00:00,sky2aquatic,"@CdslIndia its frustrating nowâ€¦.trying to tender TCS share for buyback since 4-5 days but always show this window even cdsl window is not open, anyone cal help with this isse? #cdsl #tcsbuyback #TCS #TCSBUYBACK #AngelOneForAll @AngelOne https://t.co/GTwBzbSGor"
